1,2009,CICS,9101,Relg 1,I Believe,07.30 – 08.30,"MWF",P100
1,2009,CICS,9102,Engl 1,Communication Arts 1,08.30 – 09.30,"MWF",P101
1,2009,CICS,9103,Fil 1,Sining ng Pakikipagtalastasan,09.30 – 10.30,"MWF",P102
1,2009,CICS,9104,Hist 1,Philippine History,10.30 – 11.30,"MWF",P103
1,2009,CICS,9105,Math 1A,College Algebra,11.30 – 12.30,"MWF",P104
1,2009,CICS,9106,Math 2A,Plane and Spherical Trigonometry,01.00 – 02.00,"MWF",P105
1,2009,CICS,9107,ICS 111,Introduction to Computer Science 1 Lecture,02.00 – 03.00,"MTH",P106
1,2009,CICS,9107,ICS 111,Introduction to Computer Science 1 Laboratory,02.30 – 04.00,"TF",P107
1,2009,CICS,9108,ICS 112,Computer Programming 1,03.00 – 04.00,"MTH",P108
1,2009,CICS,9108,ICS 112,Computer Programming 1,03.00 – 04.30,"TF",P109
1,2009,CICS,8020M,PE 1,Physical Fitness,07.30 -09.30,TH,PE100
2,2009,CICS,9109,Relg 2,Believing into Discipleship,07.30 – 08.30,"MWF",P110
2,2009,CICS,9110,Engl 2,Communication Arts 2,08.30 – 09.30,"MWF",P111
2,2009,CICS,9111,Fil 2,Pagbasa at Pagsulat sa Iba’t Ibang Disiplina,09.30 – 10.30,"MWF",P112
2,2009,CICS,9112,Psycho 1,General Psychology with Drug Prevention,10.30 – 11.30,"MWF",P113
2,2009,CICS,9113,Math 3B,Analytic Geometry,11.30 – 12.30,"MWF",P114
2,2009,CICS,9114,Chem 1A,General and Inorganic Chemistry 1 (Lec),01.00 – 02.00,"MWF",P115
2,2009,CICS,9115,Chem 1AL,General and Inorganic Chemistry 1 (Lab),02.00 – 05.00,M,P116
2,2009,CICS,9116,ICS 121,Introduction to Computer Science 2,09.30 – 10.30,"TF",P117
2,2009,CICS,9116,ICS 121,Introduction to Computer Science 2 Laboratory,07.30 – 09.00,"TF",P118
2,2009,CICS,9117,ICS 122,Computer Programming 2,10.30 – 11.30,"TF",P119
2,2009,CICS,9117,ICS 122,Computer Programming 2 Laboratory,01.00 – 02.30,"TF",P120
2,2009,CICS,8020L,PE 2,Rhythmic Activities,03.00 – 05.00,T,PE101
1,2009,CICS,9201,Relg 3,Discipleship in Community,07.30 – 08.30,"MWF",P121
1,2009,CICS,9202,Phys 1A,College Physics 1,08.30 – 09.30,"MWF",P122
1,2009,CICS,9203,Phys 1AL,College Physics 1,01.00 – 04.00,S,P123
1,2009,CICS,9204,Philo 2,Ethics,09.30 – 10.30,"MWF",P124
1,2009,CICS,9205,Socio 1,Society and Culture with Family Planning,10.30 – 11.30,"MWF",P125
1,2009,CICS,9206,Hist 2,Life and Works of Rizal,11.30 – 12.30,"MWF",P126
1,2009,CICS,9207,Math 5A,Integral Calculus,04.00 – 05.00,"MTWTh",P127
1,2009,CICS,9208,ICS 221,File Organization,01.00 – 02.00,"MWF",P128
1,2009,CICS,9209,ICS 222,Computer Architecture,02.00 - 03.00,"MTH",P129
1,2009,CICS,9209,ICS 222,Computer Architecture,03.00 – 04.30,"MTH",P130
1,2009,CICS,8023L,PE 4,Team Sports and Games,10.30 – 12.30,S,PE103
2,2009,CICS,9301,Engl 7,Technical Writing,07.30 – 08.30,"TThS",P131
2,2009,CICS,9302,ICS 311,Operating Systems,08.30 – 09.30,"TF",P132
2,2009,CICS,9302,ICS 311,Operating Systems Laboratory,10.30 – 12.00,"TF",P133
2,2009,CICS,9303,ICS 312,Programming Applications,01.00 – 02.00,"TF",P134
2,2009,CICS,9303,ICS 312,Programming Applications,02.30 – 04.00,"TF",P135
2,2009,CICS,9304,ICS 313,Discrete Mathematics,04.00 – 05.00,"TThS",P136
2,2009,CICS,9305,IT 311,Systems Analysis and Design,05.00 – 06.00,"TThS",P137
2,2009,CICS,9306,IT 312,Computer-Based Information Systems,06.00 – 07.00,"TThS",P138
2,2009,CICS,9307,IT 321C,Current  Trends and Issues in IT,07.00 – 08.00,"TThS",P139
2,2009,CICS,9308,ICS 321,Database Management Systems,07.30 – 08.30,"MTH",P140
2,2009,CICS,9308,ICS 321,Database Management Systems,09.00 – 10.30,"MTH",P141
2,2009,CICS,9309,ICS 322,Data Communication and Computer Networks,10.30 – 11.30,"MTH",P142
2,2009,CICS,9309,ICS 322,Data Communication and Computer Networks,01.00 – 02.30,"MTH",P143
2,2009,CICS,9310,IT 321,Management Information System,03.00 – 04.00,"MWF",P144
2,2009,CICS,9311,IT 322,Financial Systems,04.00 – 05.00,"MWF",P145
2,2009,CICS,9312,IT 323,IT Project Planning and Management,05.00 – 06.00,"MWF",P146
2,2009,CICS,9313,ICS 321D,Structure of Programming Language,06.00 – 07.00,"MWF",P147
2,2009,CICS,9314,IT 321B,Data Warehousing,07.00 – 08.00,"MWF",P148
2,2009,CICS,9401,IT 421,Practicum,,,
2,2009,CICS,7000,NSTP - CWTS 1,Foundations of Service,,,
2,2009,CICS,7001,NSTP - CWTS 2,Social Awareness and Empowerment for Service,,,
2,2009,CICS,9402,Math 7A,Fundamentals of Probability and Statistics,07.30 – 08.30,"MWF",P149
2,2009,CICS,9403,ICS 411,"Quality Consciousness Habits and Processes",10.30 – 11.30,"TThS",P150
2,2009,CICS,9404,IT 411,IT Project 1,07.00 – 08.00,"MTWThFS",P151
2,2009,CICS,9405,IT 413,Software Engineering,11.30 – 12.30,"TThS",P152
2,2009,CICS,9406,IT 004,Knowledge Base and Expert Systems,01.00 – 02.00,"TThS",P153
2,2009,CICS,9407,IT 421,IT Project 2,07.00 – 08.00,"MTWThFS",P154
2,2009,CICS,9408,IT 422,System Resource Management/IRM,02.00 – 03.00,"TThS",P155
2,2009,CEA,2101,AR 111,Architectural Design 1,07.30 – 08.30,"TThS",O100
2,2009,CEA,2102,AR 111D,Architectural Design 1 Drafting,08.30 – 09.30,"TThS",O101
2,2009,CEA,2103,AR 112,Visual Techniques 1,09.30 – 10.30,"TThS",O102
2,2009,CEA,2104,AR 112D,Visual Techniques 1 Drafting,11.30 – 12.30,"TThS",O103
2,2009,CEA,2105,AR 113,Graphics 1,01.00 – 02.00,"TThS",O104
2,2009,CEA,2106,AR 113D,Graphics 1 Drafting,03.00 – 04.00,"TThS",O105
2,2009,CEA,2107,AR 114B,Theory of Archi 1,04.00 – 05.00,"TThS",O106
2,2009,CEA,2108,AR 115B,Desc. Geometry,05.00 – 06.00,"TThS",O107
2,2009,CEA,2201,AR 121,Architectural Design 2,07.30 – 08.30,"MWF",O108
2,2009,CEA,2202,AR 121D,Architectural Design 2 Drafting,08.30 – 09.30,"MWF",O109
2,2009,CEA,2203,AR 122,Visual Techniques 2,09.30 – 10.30,"MWF",O110
2,2009,CEA,2204,AR 122D,Visual Techniques 2 Drafting,10.30 – 11.30,"MWF",O111
2,2009,CEA,2205,AR 123,Graphics 2,01.00 – 02.00,"MWF",O112
2,2009,CEA,2206,AR 123D,Graphics 2 Drafting,02.00 – 03.00,"MWF",O113
2,2009,CEA,2207,AR 124B,Theory of Archi 2,03.00 – 04.00,"MWF",O114
2,2009,CEA,2208,AR 125B,Solid Geometry,04.00 – 05.00,"MWF",O115
2,2009,CEA,2209,MATH 4A,Differential Calculus,07.30 – 08.30,"MTWTh",O116
1,2009,CEA,2210,MATH 5A,Integral Calculus,08.30 – 09.30,"MTWTh",O117
1,2009,CICS,9409,Relg 4,Living Like Jesus,09.30 – 10.30,"MWF",P156
1,2009,CICS,9410,Engl 4,Public Speaking and Argumentation,10.30 – 11.30,"MWF",P157
1,2009,CICS,9411,Philo 1,Logic,11.30 – 12.30,"MWF",P158
1,2009,CICS,9411,Pol Sc 1,Politics and Governance with Philippine Constitution,02.00 – 03.00,"MWF",P159
1,2009,CICS,9412,Econ 1,Basic Economics with Taxation and Agrarian Reform,03.00 – 04.00,"MWF",P160
1,2009,CICS,9413,MATH 4A,Differential Calculus,01.00 – 02.00,"MTWTh",P161
1,2009,CICS,9414,ICS 211,Data Structures,05.00 - 06.00,"MTH",P162
1,2009,CICS,9414,ICS 211,Data Structures,05.30 – 07.00,"MTH",P163
1,2009,CICS,8074M,PE 3,Individual / Dual Sports and Games,02.00 – 04.00,TH,PE104
1,2009,CICS,9415,ICS 212,Logic Design and Digital Computer Circuits,07.30 – 08.30,"MTH",P164
1,2009,CICS,9415,ICS 212,Logic Design and Digital Computer Circuits,07.30 – 09.00,"MTH",P165
1,2009,CICS,9309,THEO 4,Living like Jesus,07.30 – 08.30,"MWF",P166
1,2009,CICS,9012,MATH 5A,Integral Calculus,08.30 – 09.30,"MTWTh",P167
2,2009,CEA,2601,ENGL 2,Communication Arts II,10.30 – 11.30,"MWF",O118
2,2009,CEA,2602,PHILO 2,Ethics,01.00 – 02.00,"MWF",O119
2,2009,CEA,2603,RELG 4,Living like Jesus,02.00 – 03.00,"MWF",O120
2,2009,CHS,1101,CHEM 1,Inorganic and Org. Chem.,07.30 – 08.30,"MWF",P300
2,2009,CHS,1102,IT 1,Introduction to Information Technology,08.30 – 09.30,"MWF",P301
2,2009,CHS,1103,ENGL 1,Communication Skills,09.30 – 10.30,"MWF",P302
2,2009,CHS,1104,FIL 1,Sining ng Pakikipagtalastasan,10.30 – 11.30,"MWF",P303
2,2009,CHS,1105,MATH 1A,College Algebra,11.30 – 12.30,"MWF",P304
2,2009,CHS,1106,PHILO 1,Logic,01.00 – 02.00,"MWF",P305
2,2009,CHS,1107,PSYCHO 1,General Psychology with Drug Education,02.00 – 03.00,"MWF",P306
2,2009,CHS,8096L,PE 1,Physical Fitness,03.00 – 04.00,"MWF",PE106
2,2009,CHS,1001,PSYCHO 211,Psychology Analysis,07.30 – 08.30,"TThS",P307
2,2009,CHS,1002,PSYCHO 212,Psychology Guidance,08.30 – 09.30,"TThS",P308
2,2009,CHS,1003,PSYCHO 213,Psychology Analysis 2,09.30 - 10.30,"TThS",P309
2,2009,CHS,1004,PE 4,Team Sports and Games,01.00 – 03.00,S,P310
2,2008,CICS,9901,ENGL 2,Communication Arts II,10.30 – 11.30,"MWF",P168
2,2008,CICS,9902,PHILO 2,Ethics,01.00 – 02.00,"MWF",P169
2,2008,CICS,9903,RELG 4,Living like Jesus,02.00 – 03.00,"MWF",P170
2,2008,CICS,9904,CHEM 1,Inorganic and Org. Chem.,07.30 – 08.30,"MWF",P171
2,2008,CICS,9905,IM 111,Introduction to Information Management,08.30 – 09.30,"MWF",P172
2,2008,CICS,9906,ENGL 1,Communication Skills,09.30 – 10.30,"MWF",P173
2,2008,CICS,9907,FIL 1,Sining ng Pakikipagtalastasan,10.30 – 11.30,"MWF",P174
2,2008,CICS,9908,MATH 1A,College Algebra,11.30 – 12.30,"MWF",P175
2,2008,CICS,9909,PHILO 1,Logic,01.00 – 02.00,"MWF",P176
2,2008,CICS,9910,PSYCHO 1,General Pyscho with Drug Education,02.00 – 03.00,"MWF",P177
2,2008,CICS,8074L,PE 1,Physical Fitness,03.00 – 05.00,F,PE105
2,2009,CICS,9801,IM 211,File Organization,07.30 – 08.30,"MWF",P178
2,2009,CICS,9802,IM 212,Computer Architecture,08.30 – 09.30,"MWF",P179
2,2009,CICS,9803,IM 213,Information Management with Financial Statements,09.30 – 10.30,"MWF",P180
2,2009,CICS,9804,IM 311,E-Commerce,07.30 – 08.30,"MWF",P181
2,2009,CICS,9805,IM 312,Programming Applications,08.30 – 09.30,"MWF",P182
2,2009,CICS,9806,IM 313,Management Information System,09.30 – 10.30,"MWF",P183
2,2009,CICS,9807,IM 411,IM Project 1,07.00 – 08.00,"MTWThFS",P184
2,2009,CICS,9808,IM 412,Practicum,,,P185
2,2009,CICS,9809,IM 413,Information Resource Management,10.30 – 11.30,"MWF",P186
2,2009,CICS,9999,MSIT 123,Multimedia Systems,01.00 – 02.00,S,P187
2,2009,CICS,9998,MSIT 108,Economics of Information Processing,06.00 – 07.00,S,P188
2,2009,CICS,9997,LIS 111,Library Information Science 1,07.30 – 08.30,"MWF",P189
2,2009,CICS,9996,LIS 121,Library Information Science 2,08.30 – 09.30,"MWF",P190
2,2009,CICS,9995,LIS 123,Library Information Science 3,09.30 – 10.30,"MWF",P191
2,2009,CICS,9994,LIS 211,Library Information 4,10.30 – 11.30,"MWF",P192
2,2009,CICS,9993,LIS 212,Library Information 5,11.30 – 12.30,"MWF",P193
2,2009,CICS,9992,LIS 213,Library Information 6,01.00 – 02.00,"MWF",P194
2,2009,CICS,9991,LIS 311,Library Information 7,07.30 – 08.30,"MWF",P195
2,2009,CICS,9990,LIS 312,Library Information 8,08.30 – 09.30,"MWF",P196
2,2009,CICS,9989,LIS 313,Library Information 9,09.30 – 10.30,"MWF",P197
2,2009,CICS,9988,LIS 411,Library Information 10,10.30 – 11.30,"MWF",P198
2,2009,CICS,9987,LIS 412,Library Information 11,11.30 – 12.30,"MWF",P199
2,2009,CICS,9986,LIS 413,Library Information 12,01.00 – 02.00,"MWF",P200
2,2009,CICS,9985,MATH 1A,College Algebra,07.30 – 08.30,"MWF",P189
2,2009,CICS,9984,MATH 2A,Algebraic Structures 1,08.30 – 09.30,"MWF",P190
2,2009,CICS,9983,MATH 3B,Algebraic Structures 2,09.30 – 10.30,"MWF",P191
2,2009,CICS,9982,MATH 3C,Solid Measurement,10.30 – 11.30,"MWF",P192
2,2009,CICS,9981,MATH 101,Elementary Statistics,11.30 – 12.30,"MWF",P193
2,2009,CICS,9980,MATH 140,Topological Structures,01.00 – 02.00,"MWF",P194
2,2009,CICS,9979,MATH 164,Math of Decision Making,02.00 – 05.00,"MWF",P195
2,2009,CICS,9978,MATH 173,Set Theory,09.30 – 10.30,"TThS",P196
2,2009,CICS,9997,STAT 111,Statistics 1,07.30 – 09.00,"TThS",P197
2,2009,CICS,9996,STAT 112,Statistics 2,10.30 – 11.30,"TThS",P198
2,2009,CICS,9995,STAT 211,Statistics 3,01.00 – 02.30,"TThS",P199
2,2009,CICS,9994,STAT 221,Statistics 4,03.00 – 05.00,"TTh",P200
2,2009,CICS,9993,STAT 312,Statistics 5,07.30 – 08.30,"MWF",P201
2,2009,CICS,9992,STAT 139,Finite Differences,08.30 – 09.30,"MWF",P202
2,2009,CON,6101,Ana/Physio,Anatomy and Physiology,01.00 – 04.00,S,SC100
2,2009,CON,6102,Soc Anthro,Sociology and Anthropology with Family Planning,09.30 – 10.30,"MWF",SC101
2,2009,CON,6101,Health 1A,Health Ethics,10.30 – 11.30,"MWF",SC102
2,2009,CON,6102,PHC 1,Primary Health Care 1,11.30 – 12.30,"MWF",SC103
2,2009,CON,6103,ECON 1A,Health Economics with Taxation and Land Reform,04.00 – 05.00,"TThS",SC104
2,2009,CON,6104,PHC 2,Primary Health Care 2,01.00 – 02.00,"MWF",SC105
2,2009,CON,6105,STS,"Science Tech and Society",02.00 - 03.00,"MTH",SC106
2,2009,CON,6106,Nat. Sci. 3,Microbiology and Parasitology,03.00 – 04.00,"MWF",SC107
1,2008,COE,7101,Psycho 2,Psychology 2,07.30 – 08.30,"MWF",G100
1,2008,COE,7102,Engl 2,Communication Arts 2,08.30 – 09.30,"MWF",G101
1,2008,COE,7103,Theo 4,Living like Jesus,09.30 – 10.30,"MWF",G102
1,2008,COE,7104,IT 2,Information Technology 2,10.30 – 11.30,"MWF",G103
1,2008,COE,7105,Relg 1,I Believe,01.00 – 02.00,"MWF",G104
1,2008,COE,7106,Engl 1,Communication Arts 1,02.00 – 03.00,"MWF",G105
1,2008,COE,7107,Fil 1,Sining ng Pakikipagtalastasan,03.00 – 04.00,"MWF",G106
1,2008,COE,7108,Relg 1,I Believe,10.30 – 11.30,"MWF",G107
1,2008,COE,7109,Engl 1,Communication Arts 1,01.00 – 02.00,"MWF",G108
1,2008,COE,7110,Relg 2,Believing into Discipleship,02.00 – 03.00,"MWF",G109
1,2008,COE,7111,Engl 2,Communication Arts 2,07.30 – 08.30,"MWF",G110
1,2008,COE,7112,Relg 3,Discipleship in Community,08.30 – 09.30,"MWF",G111
1,2008,COE,7113,Fil 1,Sining ng Pakikipagtalastasan,09.30 – 10.30,"MWF",G112
1,2008,COE,7114,Relg 4,Living like Jesus,10.30 – 11.30,"MWF",G113
1,2008,COE,7115,Fil 2,Pagsulat at Pagbasa,11.30 – 12.30,"MWF",G114
1,2008,COE,7116,Relg 1,I Believe,01.00 – 02.00,"MWF",G115
1,2008,COE,7117,Engl 1,Communication Arts 1,02.00 – 03.00,"MWF",G116
1,2008,COE,7118,Relg 2,Believing into Discipleship,03.00 – 04.00,"MWF",G117
1,2008,COE,7119,Engl 2,Communication Arts 2,07.30 – 08.30,"TThS",G118
1,2008,COE,7120,Relg 3,Discipleship in Community,08.30 – 09.30,"TThS",G119
1,2008,COE,7121,Fil 1,Sining ng Pakikipagtalastasan,09.30 - 10.30,"TThS",G120
1,2008,COE,7122,Relg 4,Living like Jesus,01.00 – 02.00,"TThS",G121
1,2008,COE,7123,Fil 2,Pagsulat at Pagbasa,10.30 – 11.30,"MWF",G122
1,2008,COE,7124,Fil 111,Filipino 1,01.00 – 02.00,"MWF",G123
1,2008,COE,7125,Fil 112,Filipino 2,02.00 – 03.00,"MWF",G124
1,2008,COE,7126,Fil 211,Learning the Filipino Culture 1,07.30 – 08.30,"MWF",G125
1,2008,COE,7127,Fil 212,Learning the Filipino Culture 1,08.30 – 09.30,"MWF",G126
1,2008,COE,7128,Fil 311,Filipino 3,09.30 – 10.30,"MWF",G127
1,2008,COE,7129,Fil 312,Filipino 4,10.30 – 11.30,"MWF",G128
1,2008,COE,7130,Fil 411,Filipino 5,11.30 – 12.30,"MWF",G129
1,2008,COE,7131,Fil 412,Filipino 6,01.00 – 02.00,"MWF",G130
1,2008,COE,7132,GenScie 111,Introduction to general Science,02.00 – 03.00,"MWF",G131
1,2008,COE,7133,GenScie 112,General Science 2,03.00 – 05.00,F,G132
2,2009,COE,7134,GenScie 211,General Science 3,07.30 – 08.30,"MWF",G133
2,2009,COE,7135,GenScie 212,General Science 4,08.30 – 09.30,"MWF",G134
2,2009,COE,7136,GenScie 311,General Science 5,09.30 – 10.30,"MWF",G135
2,2009,COE,7137,GenScie 312,General Science 6,07.30 – 08.30,"MWF",G136
2,2009,COE,7138,GenScie 411,General Science 7,08.30 – 09.30,"MWF",G137
2,2009,COE,7139,GenScie 412,General Science 8,09.30 – 10.30,"MWF",G138
2,2009,COE,7140,Relg 1,I Believe,07.00 – 08.00,"TThS",G139
2,2009,COE,7141,Engl 1,Communication Arts 1,07.30 - 08.30,"TThS",G140
2,2009,COE,7142,Relg 2,Believing into Discipleship,10.30 – 11.30,"MWF",G141
2,2009,COE,7143,Engl 2,Communication Arts 2,10.30 – 11.30,"MWF",G142
2,2009,COE,7144,HET 111,Home Economics and Technology,01.00 – 02.00,"MWF",G143
2,2009,COE,7145,HET 112,Home Economics and Technology,02.00 – 03.00,"MWF",G144
2,2009,COE,7146,HET 211,Home Economics and Technology,07.30 – 08.30,"MWF",G145
2,2009,COE,7147,HET 212,Home Economics and Technology,08.30 – 09.30,"MWF",G146
2,2009,COE,7148,Relg 1,I Believe,09.30 – 10.30,"MWF",G147
2,2009,COE,7149,Engl 1,Communication Arts 1,10.30 – 11.30,"MWF",G148
2,2009,COE,7150,Relg 2,Believing into Discipleship,11.30 – 12.30,"MWF",G149
2,2009,COE,7151,Engl 2,Communication Arts 2,01.00 – 02.00,"MWF",G150
2,2009,COE,7152,MATH 311,Mathematical Computing,02.00 – 03.00,"MWF",G151
2,2009,COE,7153,MATH 312,Mathematical Reasoning,03.00 – 04.00,"MWF",G152
2,2009,COE,7154,MATH 411,Functions of a Real Variable,07.30 – 08.30,"TThS",G153
2,2009,COE,7155,MATH 412,Complex Variables and Applications,08.30 – 09.30,"TThS",G154
2,2009,COE,7156,Relg 1,I Believe,09.30 - 10.30,"TThS",G155
2,2009,COE,7157,Engl 1,Communication Arts 1,01.00 – 03.00,"TThS",G156
2,2009,COE,7158,Relg 2,Believing into Discipleship,10.30 – 11.30,"MWF",G157
2,2009,COE,7159,Engl 2,Communication Arts 2,01.00 – 02.00,"MWF",G158
2,2009,COE,7160,MHP 311,Strategies on Health Education 1,02.00 – 03.00,"MWF",G159
2,2009,COE,7161,MHP 312,Strategies on Health Education 2,07.30 – 08.30,"MWF",G160
2,2009,COE,7162,MHP 411,"Music Health and Physical Education 1",08.30 – 09.30,"MWF",G161
2,2009,COE,7163,MHP 312,"Music Health and Physical Education 2",09.30 – 10.30,"MWF",G162
2,2009,COE,7164,Relg 1,I Believe,10.30 – 11.30,"MWF",G163
2,2009,COE,7165,Engl 1,Communication Arts 1,11.30 – 12.30,"MWF",G164
2,2009,COE,7166,Relg 2,Believing into Discipleship,01.00 – 02.00,"MWF",G165
2,2009,COE,7167,Engl 2,Communication Arts 2,02.00 – 03.00,"MWF",G166
2,2009,COE,7168,RELG 311,Antiquities and Archeology,03.00 – 05.00,"TThS",G167
2,2009,COE,7169,RELG 312,Christian Life,07.30 – 08.30,"MWF",G167
2,2009,COE,7170,RELG 411,Comparative Religion,08.30 – 09.30,"MWF",G168
2,2009,COE,7171,RELG 412,Confucianism,09.30 – 10.30,"MWF",G169
2,2009,COE,7172,Relg 1,I Believe,07.30 – 08.30,"MWF",G170
2,2009,COE,7173,Engl 1,Communication Arts 1,08.30 – 09.30,"MWF",G171
2,2009,COE,7174,Relg 2,Believing into Discipleship,09.30 – 10.30,"MWF",G172
2,2009,COE,7175,Engl 2,Communication Arts 2,07.00 – 08.00,"TThS",G173
2,2009,COE,7176,SS 311,Social Studies 1,,"TThS",G174
2,2009,COE,7177,SS 312,Social Studies 2,10.30 – 11.30,"MWF",G175
2,2009,COE,7178,SS 411,Social Studies 3,10.30 – 11.30,"MWF",G176
2,2009,COE,7179,SS 412,Social Studies 4,01.00 – 02.00,"MWF",G177
2,2009,COE,7180,Relg 1,I Believe,02.00 – 03.00,"MWF",G178
2,2009,COE,7181,Engl 1,Communication Arts 1,07.30 – 08.30,"MWF",G179
2,2009,COE,7182,Relg 2,Believing into Discipleship,08.30 – 09.30,"MWF",G180
2,2009,COE,7183,Engl 2,Communication Arts 2,09.30 – 10.30,"MWF",G181
2,2009,COE,7184,LIB 311,Library 1,10.30 – 11.30,"MWF",G182
2,2009,COE,7185,LIB 312,Library 2,11.30 – 12.30,"MWF",G183
2,2009,COE,7186,LIB 411,Library 3,01.00 – 02.00,"MWF",G184
2,2009,COE,7187,LIB 412,Library 4,02.00 – 03.00,"MWF",G185
2,2009,COE,7188,Relg 1,I Believe,03.00 – 04.00,"MWF",G186
2,2009,COE,7189,Engl 1,Communication Arts 1,07.30 – 08.30,"TThS",G187
2,2009,COE,7190,Relg 2,Believing into Discipleship,08.30 – 09.30,"TThS",G188
2,2009,COE,7191,Engl 2,Communication Arts 2,09.30 - 10.30,"TThS",G189
2,2009,COE,7192,BIO 311,Genetics,01.00 – 03.00,"TThS",G190
2,2009,COE,7193,BIO 312,Cell Biology,10.30 – 11.30,"MWF",G191
2,2009,COE,7194,BIO 411,Microbiology,01.00 – 02.00,"MWF",G192
2,2009,COE,7195,BIO 412,Animal Behavior,02.00 – 03.00,"MWF",G193
2,2009,COE,7196,Relg 1,I Believe,07.30 – 08.30,"MWF",G194
2,2009,COE,7197,Engl 1,Communication Arts 1,08.30 – 09.30,"MWF",G195
2,2009,COE,7198,Relg 2,Believing into Discipleship,09.30 – 10.30,"MWF",G196
2,2009,COE,7199,Engl 2,Communication Arts 2,10.30 – 11.30,"MWF",G197
2,2009,COE,7198,B-P 311,Neurobiology,11.30 – 12.30,"MWF",G198
2,2009,COE,7199,B-P 312,Physiology,01.00 – 02.00,"MWF",G199
2,2009,COE,7200,B-P 411,Ecology,02.00 – 03.00,"MWF",G200
2,2009,COE,7201,B-P 412,Special Topics,03.00 – 05.00,"TThS",G201
2,2009,COE,7202,Relg 1,I Believe,07.30 – 08.30,"MWF",G202
2,2009,COE,7203,Engl 1,Communication Arts 1,08.30 – 09.30,"MWF",G203
2,2009,COE,7204,Relg 2,Believing into Discipleship,09.30 – 10.30,"MWF",G204
2,2009,COE,7205,Engl 2,Communication Arts 2,07.30 – 08.30,"MWF",G205
2,2009,COE,7206,CHEM 311,Organic Chemistry III,08.30 – 09.30,"MWF",G206
2,2009,COE,7207,CHEM 312,Biochemistry,09.30 – 10.30,"MWF",G207
2,2009,COE,7208,CHEM 411,Chemistry 1,07.00 – 08.00,"TThS",G208
2,2009,COE,7209,CHEM 412,Chemistry 2,10.30 – 11.30,"MWF",G209
2,2009,COE,7210,Relg 1,I Believe,10.30 – 11.30,"MWF",G210
2,2009,COE,7211,Engl 1,Communication Arts 1,11.30 – 12.30,"MWF",G211
2,2009,COE,7212,Relg 2,Believing into Discipleship,01.00 – 02.00,"MWF",G212
2,2009,COE,7213,Engl 2,Communication Arts 2,02.00 – 03.00,"MWF",G213
2,2009,COE,7214,COMP ED 311,Data Structures,03.00 – 04.00,"MWF",G214
2,2009,COE,7215,COMP ED 312,Systems Analysis and Design,07.30 – 08.30,"TThS",G215
2,2009,COE,7216,COMP ED 411,Database Management,08.30 – 09.30,"TThS",G216
2,2009,COE,7217,COMP ED 412,Computer Science 4,09.30 - 10.30,"TThS",G217
2,2009,COE,7218,Relg 1,I Believe,01.00 – 03.00,"TThS",G218
2,2009,COE,7219,Engl 1,Communication Arts 1,10.30 – 11.30,"MWF",G219
2,2009,COE,7220,Relg 2,Believing into Discipleship,01.00 – 02.00,"MWF",G220
1,2009,COE,7221,Engl 2,Communication Arts 2,02.00 – 03.00,"MWF",G221
1,2009,COE,7222,HIST 311,Philippine History,07.30 – 08.30,"MWF",G222
1,2009,COE,7223,HIST 312,Asian History,08.30 – 09.30,"MWF",G223
1,2009,COE,7224,HIST 411,World History,09.30 – 10.30,"MWF",G224
1,2009,COE,7225,HIST 412,Earth History,10.30 – 11.30,"MWF",G225
1,2009,COE,7226,Relg 1,I Believe,11.30 – 12.30,"MWF",G226
1,2009,COE,7227,Relg 2,Believing into Discipleship,01.00 – 02.00,"MWF",G227
1,2009,COE,7228,MUSIC 311,Music 1,02.00 – 03.00,"MWF",G228
1,2009,COE,7229,MUSIC 411,Music 2,03.00 – 05.00,"TThS",G229
1,2009,COE,7230,Relg 1,I Believe,07.30 – 08.30,"MWF",G230
1,2009,COE,7231,Relg 2,Believing into Discipleship,08.30 – 09.30,"MWF",G231
1,2009,COE,7232,MA 1,Arts History,09.30 – 10.30,"MWF",G232
1,2009,COE,7233,MA 2,Visual Arts,07.30 – 08.30,"MWF",G233
1,2009,COE,7234,Relg 1,I Believe,08.30 – 09.30,"MWF",G234
1,2009,COE,7235,Relg 2,Believing into Discipleship,09.30 – 10.30,"MWF",G235
2,2008,COE,7236,PE&H 311,Physical and Health 1,07.00 – 08.00,"TThS",G236
2,2008,COE,7237,PE&H 411,Physical and Health 2,10.30 – 11.30,"MWF",G237
2,2008,COE,7238,Relg 1,I Believe,10.30 – 11.30,"MWF",G238
2,2008,COE,7239,Relg 2,Believing into Discipleship,11.30 – 12.30,"MWF",G239
2,2008,COE,7240,PE 311,Physical Arts 1,01.00 – 02.00,"MWF",PE107
2,2008,COE,7241,PE 411,Physical Arts 2,02.00 – 03.00,"MWF",PE108
2,2008,COE,7242,Relg 1,I Believe,03.00 – 04.00,"MWF",G240
2,2008,COE,7243,Relg 2,Believing into Discipleship,07.30 – 08.30,"TThS",G241
2,2008,COE,7244,PHYS 311,Mathematical Physics,08.30 – 09.30,"TThS",G242
2,2008,COE,7245,PHYS 411,Experimental Physics,09.30 - 10.30,"TThS",G243
2,2008,COE,7246,Relg 1,I Believe,01.00 – 03.00,"TThS",G244
2,2008,COE,7247,Relg 2,Believing into Discipleship,10.30 – 11.30,"MWF",G245
1,2008,COE,7248,RVE 311,Magesterium,01.00 – 02.00,"MWF",G246
1,2008,COE,7249,RVE 411,Religion and Values,02.00 – 03.00,"MWF",G247
1,2008,COE,7250,Relg 1,I Believe,07.30 – 08.30,"MWF",G248
1,2008,COE,7251,Relg 2,Believing into Discipleship,08.30 – 09.30,"MWF",G249
1,2008,COE,7252,REL STD 311,Religious Studies 1,09.30 – 10.30,"MWF",G250
1,2008,COE,7253,REL STD 411,Religious Studies 2,10.30 – 11.30,"MWF",G251
1,2008,COE,7254,Relg 1,I Believe,11.30 – 12.30,"MWF",G252
1,2008,COE,7255,Relg 2,Believing into Discipleship,01.00 – 02.00,"MWF",G253
1,2008,COE,7256,SC TECH 311,Science and Technology 1,02.00 – 03.00,"MWF",G254
1,2008,COE,7257,SC TECH 411,Science and Technology 2,03.00 – 05.00,"TThS",G255
1,2008,COE,7258,Relg 1,I Believe,07.30 – 08.30,"MWF",G256
1,2008,COE,7259,Relg 2,Believing into Discipleship,08.30 – 09.30,"MWF",G257
1,2008,COE,7260,THE 311,Technology and Home Economics 1,09.30 – 10.30,"MWF",G258
2,2007,COE,7261,THE 411,Technology and Home Economics 2,07.30 – 08.30,"MWF",G259
2,2007,COE,7262,Relg 1,I Believe,08.30 – 09.30,"MWF",G260
2,2007,COE,7263,Relg 2,Believing into Discipleship,09.30 – 10.30,"MWF",G261
2,2007,COE,7264,VAL 311,Values 1,07.00 – 08.00,"TThS",G262
2,2007,COE,7265,VAL 411,Values 2,10.30 – 11.30,"MWF",G263
1,2009,COM,5101,Relg 1,I Believe,10.30 – 11.30,"MWF",R100
2,2009,COM,5102,Relg 2,Believing into Discipleship,11.30 – 12.30,"MWF",R101
3,2009,COM,5103,MD 311,Doctrine 1,01.00 – 02.00,"MWF",R102
2,2009,COM,5104,MD 411,Doctrine 2,02.00 – 03.00,"MWF",R103
1,2006,COE,7266,Relg 1,I Believe,03.00 – 04.00,"MWF",G264
1,2006,COE,7267,Relg 2,Believing into Discipleship,07.30 – 08.30,"TThS",G265
1,2006,COE,7268,SPELL 311,Spanish 1,08.30 – 09.30,"TThS",G266
1,2006,COE,7269,SPELL 411,Literature 1,09.30 - 10.30,"TThS",G267
1,2006,COE,7270,Relg 1,I Believe,01.00 – 03.00,"TThS",G268
1,2006,COE,7271,Relg 2,Believing into Discipleship,10.30 – 11.30,"MWF",G269
1,2006,COE,7272,ED 311,Management Information Source,01.00 – 02.00,"MWF",G270
1,2006,COE,7273,ED 411,Financial Management,02.00 – 03.00,"MWF",G271
1,2006,COE,7274,Relg 1,I Believe,07.30 – 08.30,"MWF",G272
1,2006,COE,7275,Relg 2,Believing into Discipleship,08.30 – 09.30,"MWF",G273
1,2006,COE,7276,ED 311,Educational Perennialism,09.30 – 10.30,"MWF",G274
1,2006,COE,7277,ED 411,International Education,10.30 – 11.30,"MWF",G275
1,2006,COE,7278,Relg 1,I Believe,11.30 – 12.30,"MWF",G276
2,2009,COE,7279,Relg 2,Believing into Discipleship,01.00 – 02.00,"MWF",G277
2,2009,COE,7280,EM 311,Educational Management 1,02.00 – 03.00,"MWF",G278
2,2009,COE,7281,EM 411,Educational Management 2,03.00 – 05.00,"TThS",G279
2,2009,COE,7282,Relg 1,I Believe,07.30 – 08.30,"MWF",G280
2,2009,COE,7283,Relg 2,Believing into Discipleship,08.30 – 09.30,"MWF",G281
2,2009,COE,7284,LANG ED 311,Language Education 1,09.30 – 10.30,"MWF",G282
2,2009,COE,7285,LANG ED 411,Language Education 2,07.30 – 08.30,"MWF",G283
2,2009,COE,7286,Relg 1,I Believe,08.30 – 09.30,"MWF",G284
2,2009,COE,7287,Relg 2,Believing into Discipleship,09.30 – 10.30,"MWF",G285
2,2009,COE,7288,PHD LING 311,Linguistics 1,07.00 – 08.00,"TThS",G286
2,2009,COE,7289,PHD LING 411,Linguistics 2,10.30 – 11.30,"MWF",G287
2,2009,COE,7290,Relg 1,I Believe,10.30 – 11.30,"MWF",G288
2,2009,COE,7291,Relg 2,Believing into Discipleship,11.30 – 12.30,"MWF",G289
2,2009,COE,7292,PHD LITT 311,Literature 1,01.00 – 02.00,"MWF",G290
2,2009,COE,7293,PHD LITT 411,Literature 2,02.00 – 03.00,"MWF",G291
2,2009,CAC,3101,Relg 1,I Believe,03.00 – 04.00,"MWF",S100
2,2009,CAC,3102,Relg 2,Believing into Discipleship,07.30 – 08.30,"TThS",S101
2,2009,CAC,3103,MGMT 311,Management 1,08.30 – 09.30,"TThS",S102
2,2009,CAC,3104,MGMT 411,Management 2,09.30 - 10.30,"TThS",S103
2,2009,CNS,4101,Relg 1,I Believe,01.00 – 03.00,"TThS",A100
2,2009,CNS,4102,Relg 2,Believing into Discipleship,10.30 – 11.30,"MWF",A101
2,2009,CNS,4103,BS 311,Biological Science 1,01.00 – 02.00,"MWF",A102
2,2009,CNS,4104,BS 411,Biological Science 2,02.00 – 03.00,"MWF",A103
2,2009,CNS,7295,Relg 1,I Believe,07.30 – 08.30,"MWF",G292
1,2009,COE,7296,Relg 2,Believing into Discipleship,08.30 – 09.30,"MWF",G293
1,2009,COE,7297,LIT 311,Library Technology 1,09.30 – 10.30,"MWF",G294
1,2009,COE,7298,LIT 411,Library Technology 2,10.30 – 11.30,"MWF",G295
1,2009,COE,7299,Relg 1,I Believe,11.30 – 12.30,"MWF",G296
1,2009,COE,7300,Relg 2,Believing into Discipleship,01.00 – 02.00,"MWF",G297
1,2009,COE,7301,CT 311,College in Teaching 1,02.00 – 03.00,"MWF",G298
1,2009,COE,7302,CT 411,College in Teaching 2,03.00 – 05.00,"TThS",G299
2,2009,CAC,3105,Relg 1,I Believe,07.30 – 08.30,"MWF",S104
2,2009,CAC,3106,Relg 2,Believing into Discipleship,08.30 – 09.30,"MWF",S105
2,2009,CAC,3107,ECON 311,Economics 1,09.30 – 10.30,"MWF",S106
2,2009,CAC,3108,ECON 411,Economics 2,07.30 – 08.30,"MWF",S107
1,2006,COE,7303,Relg 1,I Believe,08.30 – 09.30,"MWF",G300
1,2006,COE,7304,Relg 2,Believing into Discipleship,09.30 – 10.30,"MWF",G301
1,2006,COE,7305,FIL ED 311,Filipino Education 1,07.00 – 08.00,"TThS",G302
1,2006,COE,7306,FIL ED 411,Filipino Education 2,10.30 – 11.30,"MWF",G303
1,2006,COE,7307,Relg 1,I Believe,10.30 – 11.30,"MWF",G304
1,2006,COE,7308,Relg 2,Believing into Discipleship,11.30 – 12.30,"MWF",G305
1,2006,COE,7309,AS 311,Administration And Supervision 1,01.00 – 02.00,"MWF",G306
1,2006,COE,7310,AS 411,Administration And Supervision 2,02.00 – 03.00,"MWF",G307
1,2006,COE,7311,Relg 1,I Believe,03.00 – 04.00,"MWF",G308
1,2006,COE,7312,Relg 2,Believing into Discipleship,07.30 – 08.30,"TThS",G309
1,2006,COE,7313,B 311,Neurobiology,08.30 – 09.30,"TThS",G310
1,2006,COE,7314,B 411,Edubiology,09.30 - 10.30,"TThS",G311
1,2006,COE,7315,Relg 1,I Believe,01.00 – 03.00,"TThS",G312
1,2006,COE,7316,Relg 2,Believing into Discipleship,10.30 – 11.30,"MWF",G313
1,2006,COE,7317,ECED 311,Early Childhood Education 1,01.00 – 02.00,"MWF",G314
1,2006,COE,7318,ECED 411,Early Childhood Education 2,02.00 – 03.00,"MWF",G315
1,2006,COE,7319,Relg 1,I Believe,07.30 – 08.30,"MWF",G316
1,2006,COE,7320,Relg 2,Believing into Discipleship,08.30 – 09.30,"MWF",G317
1,2006,COE,7321,ENG 311,English 1,09.30 – 10.30,"MWF",G318
1,2006,COE,7322,ENG 411,English 2,10.30 – 11.30,"MWF",G319
1,2006,COE,7323,Relg 1,I Believe,11.30 – 12.30,"MWF",G320
1,2006,COE,7324,Relg 2,Believing into Discipleship,01.00 – 02.00,"MWF",G321
1,2006,COE,7325,FIL 311,English 1,02.00 – 03.00,"MWF",G322
1,2006,COE,7326,FIL 411,English 2,03.00 – 05.00,"TThS",G323
1,2006,COE,7327,Relg 1,I Believe,07.30 – 08.30,"MWF",G324
1,2006,COE,7328,Relg 2,Believing into Discipleship,08.30 – 09.30,"MWF",G325
1,2006,COE,7329,GC 311,Guidance and Counseling 1,09.30 – 10.30,"MWF",G326
1,2006,COE,7330,GC 411,Guidance and Counseling 2,07.30 – 08.30,"MWF",G327
1,2006,COE,7331,Relg 1,I Believe,08.30 – 09.30,"MWF",G328
1,2006,COE,7332,Relg 2,Believing into Discipleship,09.30 – 10.30,"MWF",G329
1,2006,COE,7333,LANG 311,Language with Education 1,07.00 – 08.00,"TThS",G330
1,2006,COE,7334,LANG 411,Language with Education 2,10.30 – 11.30,"MWF",G331
1,2006,COE,7335,Relg 1,I Believe,10.30 – 11.30,"MWF",G332
1,2006,COE,7336,Relg 2,Believing into Discipleship,11.30 – 12.30,"MWF",G333
1,2006,COE,7337,LRNG 311,Learning Disabilities 1,01.00 – 02.00,"MWF",G334
1,2006,COE,7338,LRNG 411,Learning Disabilities 2,02.00 – 03.00,"MWF",G335
1,2006,COE,7339,Relg 1,I Believe,03.00 – 04.00,"MWF",G336
1,2006,COE,7340,Relg 2,Believing into Discipleship,07.30 – 08.30,"TThS",G337
1,2006,COE,7341,LS 311,Library Science 1,08.30 – 09.30,"TThS",G338
1,2006,COE,7342,LS 411,Library Science 2,09.30 - 10.30,"TThS",G339
1,2006,COE,7343,Relg 1,I Believe,01.00 – 03.00,"TThS",G340
1,2006,COE,7344,Relg 2,Believing into Discipleship,10.30 – 11.30,"MWF",G341
1,2006,COE,7345,NFE 311,Non Formal Education 1,01.00 – 02.00,"MWF",G342
1,2006,COE,7346,NFE 411,Non Formal Education 2,02.00 – 03.00,"MWF",G343
2,2006,COE,7347,Relg 1,I Believe,07.30 – 08.30,"MWF",G344
2,2006,COE,7348,Relg 2,Believing into Discipleship,08.30 – 09.30,"MWF",G345
2,2006,COE,7349,N 311,Nursing 1,09.30 – 10.30,"MWF",G346
2,2006,COE,7350,N 411,Nursing 2,10.30 – 11.30,"MWF",G347
2,2006,COE,7351,Relg 1,I Believe,11.30 – 12.30,"MWF",G348
2,2006,COE,7352,Relg 2,Believing into Discipleship,01.00 – 02.00,"MWF",G349
2,2006,COE,7353,READ 311,Reading 1,02.00 – 03.00,"MWF",G350
2,2006,COE,7354,READ 411,Reading 2,03.00 – 05.00,"TThS",G351
2,2006,COE,7355,Relg 1,I Believe,07.30 – 08.30,"MWF",G352
2,2006,COE,7356,Relg 2,Believing into Discipleship,08.30 – 09.30,"MWF",G353
2,2006,COE,7357,SCI 311,Science Education 1,09.30 – 10.30,"MWF",G354
2,2006,COE,7358,SCI 411,Science Education 2,07.30 – 08.30,"MWF",G355
2,2006,COE,7359,Relg 1,I Believe,08.30 – 09.30,"MWF",G356
2,2006,COE,7360,Relg 2,Believing into Discipleship,09.30 – 10.30,"MWF",G357
2,2006,COE,7361,EM 311,Educational Management 1,07.00 – 08.00,"TThS",G358
2,2006,COE,7362,EM 411,Educational Management 2,10.30 – 11.30,"MWF",G359
2,2006,COE,7363,Relg 1,I Believe,10.30 – 11.30,"MWF",G360
2,2006,COE,7364,Relg 2,Believing into Discipleship,11.30 – 12.30,"MWF",G361
2,2006,COE,7365,ENGL 311,Variable Topics,01.00 – 02.00,"MWF",G362
2,2006,COE,7366,ENGL 411,Advance Studies in Genres,02.00 – 03.00,"MWF",G363
2,2009,CHS,1149,Relg 1,I Believe,03.00 – 04.00,"MWF",P311
2,2009,CHS,1150,Relg 2,Believing into Discipleship,07.30 – 08.30,"TThS",P312
2,2009,CHS,1151,ELING 311,Learning Foreign Language,08.30 – 09.30,"TThS",P313
2,2009,CHS,1152,ELING 411,Application of Foreign Language,09.30 - 10.30,"TThS",P314
2,2009,CHS,1153,Relg 1,I Believe,01.00 – 03.00,"TThS",P315
2,2009,CHS,1154,Relg 2,Believing into Discipleship,10.30 – 11.30,"MWF",P316
2,2009,CHS,1155,ELITT 311,Philippine Literature,01.00 – 02.00,"MWF",P317
2,2009,CHS,1156,ELITT 411,World Literature,02.00 – 03.00,"MWF",P318
2,2009,CHS,1157,Relg 1,I Believe,07.30 – 08.30,"MWF",P319
2,2009,CHS,1158,Relg 2,Believing into Discipleship,08.30 – 09.30,"MWF",P320
2,2009,CHS,1159,EHP 311,Environmental and Habitat Planning 1,09.30 – 10.30,"MWF",P321
2,2009,CHS,1160,EHP 411,Environmental and Habitat Planning 2,10.30 – 11.30,"MWF",P322
2,2009,CEA,2198,Relg 1,I Believe,11.30 – 12.30,"MWF",O121
2,2009,CEA,2199,Relg 2,Believing into Discipleship,01.00 – 02.00,"MWF",O122
2,2009,CEA,2200,LS 311,Library Science 1,02.00 – 03.00,"MWF",O123
2,2009,CEA,2201,LS 411,Library Science 2,03.00 – 05.00,"TThS",O124
2,2009,CHS,1161,Relg 1,I Believe,07.30 – 08.30,"MWF",P323
2,2009,CHS,1162,Relg 2,Believing into Discipleship,08.30 – 09.30,"MWF",P324
2,2009,CHS,1163,LING 311,Linguistic Science 1,09.30 – 10.30,"MWF",P325
2,2009,CHS,1164,LING 411,Linguistic Science 2,07.30 – 08.30,"MWF",P326
2,2009,CHS,1165,Relg 1,I Believe,08.30 – 09.30,"MWF",P327
2,2009,CHS,1166,Relg 2,Believing into Discipleship,09.30 – 10.30,"MWF",P328
2,2009,CHS,1167,LITT 311,Seminar in Philippine Literature,07.00 – 08.00,"TThS",P329
2,2009,CHS,1168,LITT 411,Seminar in World Literature,10.30 – 11.30,"MWF",P330
2,2009,CHS,1169,Relg 1,I Believe,10.30 – 11.30,"MWF",P331
1,2009,CHS,1170,Relg 2,Believing into Discipleship,11.30 – 12.30,"MWF",P332
1,2009,CHS,1171,PHILOS 311,Ancient Philosophy,01.00 – 02.00,"MWF",P333
1,2009,CHS,1172,PHILOS 411,Medieval Philosophy,02.00 – 03.00,"MWF",P334
1,2009,CHS,1173,Relg 1,I Believe,03.00 – 04.00,"MWF",P335
1,2009,CHS,1174,Relg 2,Believing into Discipleship,07.30 – 08.30,"TThS",P336
1,2009,CHS,1175,RELG STDS 311,Anthologies,08.30 – 09.30,"TThS",P337
1,2009,CHS,1176,RELG STDS 411,Pragmatism,09.30 - 10.30,"TThS",P338
1,2009,CHS,1177,Relg 1,I Believe,01.00 – 03.00,"TThS",P339
1,2009,CHS,1178,Relg 2,Believing into Discipleship,10.30 – 11.30,"MWF",P340
1,2009,CHS,1179,SPED 311,Special Education 1,01.00 – 02.00,"MWF",P341
1,2009,CHS,1180,SPED 411,Special Education 2,02.00 – 03.00,"MWF",P342
1,2007,COE,7367,Relg 1,I Believe,07.30 – 08.30,"MWF",G364
2,2007,COE,7368,Relg 2,Believing into Discipleship,08.30 – 09.30,"MWF",G365
2,2007,COE,7369,MAT 311,Writing for Teachers,09.30 – 10.30,"MWF",G366
2,2007,COE,7370,MAT 411,Reading for Teachers,10.30 – 11.30,"MWF",G367
2,2007,COE,7371,Relg 1,I Believe,11.30 – 12.30,"MWF",G368
2,2007,COE,7372,Relg 2,Believing into Discipleship,01.00 – 02.00,"MWF",G369
2,2007,COE,7373,MAT BIO 311,Biology 101,02.00 – 03.00,"MWF",G370
2,2007,COE,7374,MAT BIO 411,Biology 102,03.00 – 05.00,"TThS",G371
2,2007,COE,7375,Relg 1,I Believe,07.30 – 08.30,"MWF",G372
2,2007,COE,7376,Relg 2,Believing into Discipleship,08.30 – 09.30,"MWF",G373
2,2007,COE,7377,MAT CHEM 311,Chemistry 101,09.30 – 10.30,"MWF",G374
2,2007,COE,7378,MAT CHEM 411,Chemistry 102,07.30 – 08.30,"MWF",G375
2,2007,COE,7379,Relg 1,I Believe,08.30 – 09.30,"MWF",G376
2,2007,COE,7380,Relg 2,Believing into Discipleship,09.30 – 10.30,"MWF",G377
2,2007,COE,7381,MAT PHYS 311,Physics101,07.00 – 08.00,"TThS",G378
2,2007,COE,7382,MAT PHYS 411,Physics 102,10.30 – 11.30,"MWF",G379
2,2007,COE,7383,Relg 1,I Believe,10.30 – 11.30,"MWF",G380
2,2007,COE,7384,Relg 2,Believing into Discipleship,11.30 – 12.30,"MWF",G381
2,2007,COE,7385,ENG’G 311,Engineering 101,01.00 – 02.00,"MWF",G382
2,2007,COE,7386,ENG’G 411,Engineering 102,02.00 – 03.00,"MWF",G383
2,2009,CEA,2178,Relg 1,I Believe,03.00 – 04.00,"MWF",O125
2,2009,CEA,2179,Relg 2,Believing into Discipleship,07.30 – 08.30,"TThS",O126
2,2009,CEA,2180,ENG’G ECE 311,Electronics and Circuits 101,08.30 – 09.30,"TThS",O127
2,2009,CEA,2181,ENG’G ECE 411,Electronics and Circuits 201,09.30 - 10.30,"TThS",O128
2,2009,CEA,2182,Relg 1,I Believe,01.00 – 03.00,"TThS",O129
2,2009,CEA,2183,Relg 2,Believing into Discipleship,10.30 – 11.30,"MWF",O130
2,2009,CEA,2184,ENG’G Che 311,Chemical 101,01.00 – 02.00,"MWF",O131
2,2009,CEA,2185,ENG’G Che 411,Chemical 201,02.00 – 03.00,"MWF",O132
2,2009,CEA,2186,Relg 1,I Believe,07.30 – 08.30,"MWF",O133
2,2009,CEA,2187,Relg 2,Believing into Discipleship,08.30 – 09.30,"MWF",O134
2,2009,CEA,2188,ENG’G EE 311,Environmental Engineering 101,09.30 – 10.30,"MWF",O135
2,2009,CEA,2189,ENG’G EE 411,Environmental Engineering 201,10.30 – 11.30,"MWF",O136
2,2009,CEA,2190,Relg 1,I Believe,11.30 – 12.30,"MWF",O137
2,2009,CEA,2191,Relg 2,Believing into Discipleship,01.00 – 02.00,"MWF",O138
2,2009,CEA,2192,ENG’G IE 311,Industrial Engineering 101,02.00 – 03.00,"MWF",O139
2,2009,CEA,2193,ENG’G IE 411,Industrial Engineering 201,03.00 – 05.00,"TThS",O140
1,2009,CEA,2194,Relg 1,I Believe,07.30 – 08.30,"MWF",O141
1,2009,CEA,2195,Relg 2,Believing into Discipleship,08.30 – 09.30,"MWF",O142
1,2009,CEA,2196,ENG’G ME 311,Mechanical Engineering 101,09.30 – 10.30,"MWF",O143
1,2009,CEA,2197,ENG’G ME 411,Mechanical Engineering 201,07.30 – 08.30,"MWF",O144
2,2009,CNS,4113,Relg 1,I Believe,08.30 – 09.30,"MWF",A104
2,2009,CNS,4114,Relg 2,Believing into Discipleship,09.30 – 10.30,"MWF",A105
2,2009,CNS,4115,ES 311,Environmental Science 101,07.00 – 08.00,"TThS",A106
2,2009,CNS,4116,ES 411,Environmental Science 201,10.30 – 11.30,"MWF",A107
2,2009,CAC,3202,Relg 1,I Believe,10.30 – 11.30,"MWF",S108
2,2009,CAC,3203,Relg 2,Believing into Discipleship,11.30 – 12.30,"MWF",S109
2,2009,CAC,3204,Ac 311,Accounting 101,01.00 – 02.00,"MWF",S110
2,2009,CAC,3205,Ac 411,Accounting 102,02.00 – 03.00,"MWF",S112
1,2009,CNS,4117,Relg 1,I Believe,03.00 – 04.00,"MWF",A108
1,2009,CNS,4118,Relg 2,Believing into Discipleship,07.30 – 08.30,"TThS",A109
1,2009,CNS,4119,BIOL 311,Biolology 101,08.30 – 09.30,"TThS",A110
1,2009,CNS,4120,BIOL 411,Biolology 201,09.30 - 10.30,"TThS",A111
1,2009,CAC,3198,Relg 1,I Believe,01.00 – 03.00,"TThS",S113
1,2009,CAC,3199,Relg 2,Believing into Discipleship,10.30 – 11.30,"MWF",S114
1,2009,CAC,3200,BA 311,Business Administration 101,01.00 – 02.00,"MWF",S115
1,2009,CAC,3201,BA 411,Business Administration 201,02.00 – 03.00,"MWF",S116
1,2009,CEA,2170,Relg 1,I Believe,07.30 – 08.30,"MWF",O145
1,2009,CEA,2171,Relg 2,Believing into Discipleship,08.30 – 09.30,"MWF",O146
1,2009,CEA,2172,CE 311,Geotechnical Engineering 101,09.30 – 10.30,"MWF",O147
1,2009,CEA,2173,CE 411,Geotechnical Engineering 201,10.30 – 11.30,"MWF",O148
1,2009,CEA,2174,Relg 1,I Believe,11.30 – 12.30,"MWF",O149
1,2009,CEA,2175,Relg 2,Believing into Discipleship,01.00 – 02.00,"MWF",O150
1,2009,CEA,2176,EN E 311,Environmental Engineering 101,02.00 – 03.00,"MWF",O151
1,2009,CEA,2177,EN E 411,Environmental Engineering 201,03.00 – 05.00,"TThS",O152
1,2009,CHS,1181,Relg 1,I Believe,07.30 – 08.30,"MWF",P343
1,2009,CHS,1182,Relg 2,Believing into Discipleship,08.30 – 09.30,"MWF",P344
1,2009,CHS,1183,S WK 311,Human Behaviour and Social Environment 1,09.30 – 10.30,"MWF",P345
1,2009,CHS,1184,S WK 411,Human Behaviour and Social Environment 2,07.30 – 08.30,"MWF",P346
1,2009,CNS,4121,Relg 1,I Believe,08.30 – 09.30,"MWF",A112
1,2009,CNS,4122,Relg 2,Believing into Discipleship,09.30 – 10.30,"MWF",A113
1,2009,CNS,4123,RT 311,Radiologic Technology 101,07.00 – 08.00,"TThS",A114
1,2009,CNS,4124,RT 411,Radiologic Technology 201,10.30 – 11.30,"MWF",A115
1,2009,CHS,1229,Relg 1,I Believe,10.30 – 11.30,"MWF",P347
1,2009,CHS,1185,Relg 2,Believing into Discipleship,11.30 – 12.30,"MWF",P348
1,2009,CHS,1186,PSYCH 311,Psychology 101,01.00 – 02.00,"MWF",P349
1,2009,CNS,4125,PHARM 411,Pharmacy 201,02.00 – 03.00,"MWF",A116
1,2009,CNS,4126,Relg 1,I Believe,03.00 – 04.00,"MWF",A117
1,2009,CNS,4127,Relg 2,Believing into Discipleship,07.30 – 08.30,"TThS",A118
1,2009,CNS,4128,PHARM 311,Pharmacy 101,08.30 – 09.30,"TThS",A119
1,2009,CEA,2166,EM 411,Mining Engineering 201,09.30 - 10.30,"TThS",O153
1,2009,CEA,2167,Relg 1,I Believe,01.00 – 03.00,"TThS",O154
1,2009,CEA,2168,Relg 2,Believing into Discipleship,10.30 – 11.30,"MWF",O155
1,2009,CEA,2169,EM 511,Mining Engineering 202,01.00 – 02.00,"MWF",O156
1,2009,CNS,4109,MED T 411,Medical Technology 201,02.00 – 03.00,"MWF",A120
1,2009,CNS,4110,Relg 1,I Believe,07.30 – 08.30,"MWF",A121
1,2009,CNS,4111,Relg 2,Believing into Discipleship,08.30 – 09.30,"MWF",A122
1,2009,CNS,4112,MED T 311,Medical Technology 101,09.30 – 10.30,"MWF",A123
1,2009,CEA,2142,ME 411,Fluid Power 101,10.30 – 11.30,"MWF",O157
2,2009,CEA,2143,Relg 1,I Believe,11.30 – 12.30,"MWF",O158
2,2009,CEA,2144,Relg 2,Believing into Discipleship,01.00 – 02.00,"MWF",O159
2,2009,CEA,2145,ME 511,Fluid Power 201,02.00 – 03.00,"MWF",O160
2,2009,CEA,2146,ME 512,Fluid Power with Energy Power,03.00 – 05.00,"TThS",O161
2,2009,CEA,2147,Relg 1,I Believe,07.30 – 08.30,"MWF",O162
2,2009,CEA,2148,Relg 2,Believing into Discipleship,08.30 – 09.30,"MWF",O163
2,2009,CEA,2149,IE 311,Designing for Manufacturing,09.30 – 10.30,"MWF",O164
2,2009,CEA,2150,GE  311,Sustainable Energy in Buildings,07.30 – 08.30,"MWF",O165
2,2009,CEA,2151,Relg 1,I Believe,08.30 – 09.30,"MWF",O166
2,2009,CEA,2152,Relg 2,Believing into Discipleship,09.30 – 10.30,"MWF",O167
2,2009,CEA,2153,GE 411,Thermodynamics,07.00 – 08.00,"TThS",O168
2,2009,CEA,2154,EIE 311,Heat Transfer and Aerodynamics,10.30 – 11.30,"MWF",O169
2,2009,CEA,2155,Relg 1,I Believe,10.30 – 11.30,"MWF",O170
2,2009,CEA,2156,Relg 2,Believing into Discipleship,11.30 – 12.30,"MWF",O171
2,2009,CEA,2157,EIE 411,Solids Handling and Process Engineering,01.00 – 02.00,"MWF",O172
2,2009,CEA,2158,EIE 511,Control of Machines and Processes,02.00 – 03.00,"MWF",O173
2,2009,CEA,2159,Relg 1,I Believe,03.00 – 04.00,"MWF",O174
2,2009,CEA,2160,Relg 2,Believing into Discipleship,07.30 – 08.30,"TThS",O175
2,2009,CEA,2161,ECE 511,Understanding Variation and Uncertainty,08.30 – 09.30,"TThS",O176
2,2009,CEA,2162,Relg 1,I Believe,09.30 - 10.30,"TThS",O177
2,2009,CEA,2163,Relg 2,Believing into Discipleship,01.00 – 03.00,"TThS",O178
2,2009,CEA,2164,EE 311,Engineering Fundamentals,10.30 – 11.30,"MWF",O179
2,2009,CEA,2165,EE 411,Engineering Analysis,01.00 – 02.00,"MWF",O180
2,2009,CAC,3125,Relg 1,I Believe,02.00 – 03.00,"MWF",S117
2,2009,CAC,3126,Relg 2,Believing into Discipleship,07.30 – 08.30,"MWF",S118
2,2009,CAC,3127,MKTG 311,Marketing 101,08.30 – 09.30,"MWF",S119
2,2009,CAC,3128,MKTG 411,Marketing 201,09.30 – 10.30,"MWF",S120
2,2009,CAC,3129,Relg 1,I Believe,10.30 – 11.30,"MWF",S121
2,2009,CAC,3130,Relg 2,Believing into Discipleship,11.30 – 12.30,"MWF",S122
2,2009,CAC,3131,MGMT 311,Management 101,01.00 – 02.00,"MWF",S123
2,2009,CAC,3132,MGMT 411,Management 201,02.00 – 03.00,"MWF",S124
2,2009,CAC,3133,Relg 1,I Believe,03.00 – 05.00,"TThS",S125
2,2009,CAC,3134,Relg 2,Believing into Discipleship,07.30 – 08.30,"MWF",S126
2,2009,CAC,3135,FNCL MGMT 311,Financial Management 101,08.30 – 09.30,"MWF",S127
2,2009,CAC,3136,FNCL MGMT 411,Financial Management 201,09.30 – 10.30,"MWF",S128
2,2009,CAC,3137,Relg 1,I Believe,07.30 – 08.30,"MWF",S129
2,2009,CAC,3138,Relg 2,Believing into Discipleship,08.30 – 09.30,"MWF",S130
2,2009,CAC,3139,ENTREP 311,Entrepreneurial 101,09.30 – 10.30,"MWF",S131
2,2009,CAC,3140,ENTREP 411,Entrepreneurial 201,07.00 – 08.00,"TThS",S132
2,2009,CAC,3141,Relg 1,I Believe,10.30 – 11.30,"MWF",S133
2,2009,CAC,3142,Relg 2,Believing into Discipleship,10.30 – 11.30,"MWF",S134
2,2009,CAC,3143,ESBM 311,Entrepreneurial And Business Management 101,11.30 – 12.30,"MWF",S135
2,2009,CAC,3144,ESBM 411,Entrepreneurial And Business Management 201,01.00 – 02.00,"MWF",S136
2,2009,CAC,3145,Relg 1,I Believe,02.00 – 03.00,"MWF",S137
2,2009,CAC,3146,Relg 2,Believing into Discipleship,03.00 – 04.00,"MWF",S138
2,2009,CAC,3147,ECON 311,Economics 101,07.30 – 08.30,"TThS",S139
2,2009,CAC,3148,ECON 411,Economics 201,08.30 – 09.30,"TThS",S140
2,2009,CAC,3149,Relg 1,I Believe,09.30 - 10.30,"TThS",S141
2,2009,CAC,3150,Relg 2,Believing into Discipleship,01.00 – 03.00,"TThS",S142
2,2009,CAC,3151,BUS ECON 311,Business Economics 311,10.30 – 11.30,"MWF",S143
2,2009,CAC,3152,BUS ECON 411,Business Economics 411,01.00 – 02.00,"MWF",S144
2,2009,CAC,3153,Relg 1,I Believe,02.00 – 03.00,"MWF",S145
2,2009,CAC,3154,Relg 2,Believing into Discipleship,07.30 – 08.30,"MWF",S146
2,2009,CAC,3155,BF 311,Banking and Finance 101,08.30 – 09.30,"MWF",S147
2,2009,CAC,3156,BF 411,Banking and Finance 201,09.30 – 10.30,"MWF",S148
2,2009,CAC,3157,Relg 1,I Believe,10.30 – 11.30,"MWF",S149
2,2009,CAC,3158,Relg 2,Believing into Discipleship,11.30 – 12.30,"MWF",S150
2,2009,CAC,3159,C 311,Commerce 101,01.00 – 02.00,"MWF",S151
2,2009,CAC,3160,C 411,Commerce 201,02.00 – 03.00,"MWF",S152
2,2009,CAC,3161,Relg 1,I Believe,03.00 – 05.00,"TThS",S153
2,2009,CAC,3162,Relg 2,Believing into Discipleship,07.30 – 08.30,"MWF",S154
2,2009,CAC,3163,C 311,Commerce 301,08.30 – 09.30,"MWF",S155
2,2009,CEA,2128,CE 411,Special Topics in Civil Engineering,09.30 – 10.30,"MWF",O181
2,2009,CEA,2129,Relg 1,I Believe,07.30 – 08.30,"MWF",O182
2,2009,CEA,2130,Relg 2,Believing into Discipleship,08.30 – 09.30,"MWF",O183
2,2009,CEA,2131,CE 311,Special Topics in Civil Engineering 2,09.30 – 10.30,"MWF",O184
2,2009,CEA,2132,CE 411,Systems Engineering Life Cycle,07.00 – 08.00,"TThS",O185
2,2009,CEA,2133,Relg 1,I Believe,10.30 – 11.30,"MWF",O186
2,2009,CEA,2134,Relg 2,Believing into Discipleship,10.30 – 11.30,"MWF",O187
2,2009,CEA,2135,CHE 311,Chemistry 901,11.30 – 12.30,"MWF",O188
2,2009,CEA,2136,CHE 411,Chemistry 902,01.00 – 02.00,"MWF",O189
2,2009,CEA,2137,Relg 1,I Believe,02.00 – 03.00,"MWF",O190
2,2009,CNS,4105,Relg 2,Believing into Discipleship,03.00 – 04.00,"MWF",A124
2,2009,CNS,4106,BIOL 311,Biology 901,07.30 – 08.30,"TThS",A125
2,2009,CNS,4107,BIOL 411,Biology 902,08.30 – 09.30,"TThS",A126
2,2009,CNS,4108,Relg 1,I Believe,09.30 - 10.30,"TThS",A127
2,2009,CEA,2128,Relg 2,Believing into Discipleship,01.00 – 03.00,"TThS",O191
2,2009,CEA,2127,Arch 311,Engineering Stress Analysis,10.30 – 11.30,"MWF",O192
2,2009,CEA,2126,Arch 411,Design for Manufacturing,01.00 – 02.00,"MWF",O193
2,2009,CAC,3118,Relg 1,I Believe,02.00 – 03.00,"MWF",S156
2,2009,CAC,3119,Relg 2,Believing into Discipleship,07.30 – 08.30,"MWF",S157
2,2009,CAC,3120,Ac 311,Accounting Management 1,08.30 – 09.30,"MWF",S158
2,2009,CAC,3121,Ac 411,Accounting Management 2,09.30 – 10.30,"MWF",S159
2,2009,CAC,3122,Relg 1,I Believe,10.30 – 11.30,"MWF",S160
2,2009,CHS,1187,Relg 2,Believing into Discipleship,11.30 – 12.30,"MWF",P350
2,2009,CHS,1188,PH B 311,Philosophy 101,01.00 – 02.00,"MWF",P351
2,2009,CHS,1189,PH B 411,Philosophy 201,02.00 – 03.00,"MWF",P352
2,2009,CHS,1190,Relg 1,I Believe,03.00 – 05.00,"TThS",P353
2,2009,COL,101,Relg 2,Believing into Discipleship,07.30 – 08.30,"MWF",G436
2,2009,COL,102,LL. B. 311,Law 101,08.30 – 09.30,"MWF",G437
2,2009,COL,103,LL. B. 411,Law 102,09.30 – 10.30,"MWF",G438
2,2009,COL,104,Relg 1,I Believe,07.30 – 08.30,"MWF",G439
2,2009,COE,7437,Relg 2,Believing into Discipleship,08.30 – 09.30,"MWF",G384
2,2009,COE,7438,VAL FRM 311,Values Formation 1,09.30 – 10.30,"MWF",G385
2,2009,COE,7439,VAL FRM 411,Values Formation 2,07.00 – 08.00,"TThS",G386
2,2009,COE,7440,Relg 1,I Believe,10.30 – 11.30,"MWF",G387
2,2009,COE,7441,Relg 2,Believing into Discipleship,10.30 – 11.30,"MWF",G388
2,2009,COE,7442,VAL 311,Values Education 1,11.30 – 12.30,"MWF",G389
2,2009,COE,7443,VAL 411,Values Education 2,01.00 – 02.00,"MWF",G390
2,2009,COE,7444,Relg 1,I Believe,02.00 – 03.00,"MWF",G391
2,2009,COE,7445,Relg 2,Believing into Discipleship,03.00 – 04.00,"MWF",G392
2,2009,COE,7446,THE 311,Technology and Home Economics 901,07.30 – 08.30,"TThS",G393
2,2009,COE,7447,THE 411,Technology and Home Economics 902,08.30 – 09.30,"TThS",G394
2,2009,COE,7448,Relg 1,I Believe,09.30 - 10.30,"TThS",G395
2,2009,COE,7449,Relg 2,Believing into Discipleship,01.00 – 03.00,"TThS",G396
2,2009,COE,7450,SPED 311,Special Education 901,10.30 – 11.30,"MWF",G397
2,2009,COE,7451,SPED 411,Special Education 902,01.00 – 02.00,"MWF",G398
2,2009,COE,7452,Relg 1,I Believe,02.00 – 03.00,"MWF",G399
2,2009,COE,7453,Relg 2,Believing into Discipleship,07.30 – 08.30,"MWF",G400
2,2009,COE,7454,SS 311,Social Studies 901,08.30 – 09.30,"MWF",G401
2,2009,COE,7455,SS 411,Social Studies 902,09.30 – 10.30,"MWF",G402
2,2009,COE,7456,Relg 1,I Believe,10.30 – 11.30,"MWF",G403
2,2009,COE,7457,Relg 2,Believing into Discipleship,11.30 – 12.30,"MWF",G404
2,2009,COE,7458,SC TECH 311,Science and Technology 901,01.00 – 02.00,"MWF",G405
2,2009,COE,7459,SC TECH 411,Science and Technology 902,02.00 – 03.00,"MWF",G406
2,2009,COE,7460,Relg 1,I Believe,03.00 – 05.00,"TThS",G407
2,2009,COE,7461,Relg 2,Believing into Discipleship,07.30 – 08.30,"MWF",G408
2,2009,COE,7462,RVE 311,Religious And Values Education 901,08.30 – 09.30,"MWF",G409
2,2009,COE,7463,RVE 411,Religious And Values Education 902,09.30 – 10.30,"MWF",G410
2,2009,COE,7464,Relg 1,I Believe,07.30 – 08.30,"MWF",G411
2,2009,COE,7465,Relg 2,Believing into Discipleship,08.30 – 09.30,"MWF",G412
2,2009,COE,7466,PRE ELM 311,Pre-Elementary Education 901,09.30 – 10.30,"MWF",G413
2,2009,COE,7467,PRE ELM 411,Pre-Elementary Education 902,07.00 – 08.00,"TThS",G414
2,2009,COE,7468,Relg 1,I Believe,10.30 – 11.30,"MWF",G415
2,2009,COE,7469,Relg 2,Believing into Discipleship,10.30 – 11.30,"MWF",G416
2,2009,COE,7470,AB SC T 311,Science and Technology 901,11.30 – 12.30,"MWF",G417
2,2009,COE,7471,AB SC T 411,Science and Technology 902,01.00 – 02.00,"MWF",G418
2,2009,COE,7472,Relg 1,I Believe,02.00 – 03.00,"MWF",G419
2,2009,COE,7473,Relg 2,Believing into Discipleship,03.00 – 04.00,"MWF",G420
2,2009,COE,7474,AB MAT 311,Mathematics 901,07.30 – 08.30,"TThS",G421
2,2009,COE,7475,AB MAT 411,Mathematics 902,08.30 – 09.30,"TThS",G422
2,2009,COE,7476,Relg 1,I Believe,09.30 - 10.30,"TThS",G423
2,2009,COE,7477,Relg 2,Believing into Discipleship,01.00 – 03.00,"TThS",G424
2,2009,COE,7478,AB ENGL 311,English 901,10.30 – 11.30,"MWF",G425
2,2009,COE,7479,AB ENGL 411,English 902,01.00 – 02.00,"MWF",G426
2,2009,COE,7480,Relg 1,I Believe,02.00 – 03.00,"MWF",G427
2,2009,CHS,1451,Relg 2,Believing into Discipleship,07.30 – 08.30,"MWF",P354
2,2009,CHS,1317,POLIT SC 311,Political Science 901,08.30 – 09.30,"MWF",P355
2,2009,CHS,1318,POLIT SC 411,Political Science 902,09.30 – 10.30,"MWF",P356
2,2009,CHS,1319,Relg 1,I Believe,10.30 – 11.30,"MWF",P357
2,2009,CHS,1320,Relg 2,Believing into Discipleship,11.30 – 12.30,"MWF",P358
2,2009,CHS,1321,AB LITT 311,Literature 901,01.00 – 02.00,"MWF",P359
2,2009,CHS,1322,AB LITT 411,Literature 902,02.00 – 03.00,"MWF",P360
1,2009,CHS,1323,Relg 1,I Believe,03.00 – 05.00,"TThS",P361
1,2009,CHS,1324,Relg 2,Believing into Discipleship,07.30 – 08.30,"MWF",P362
1,2009,CHS,1325,AB ENGL 311,English 903,08.30 – 09.30,"MWF",P363
1,2009,CHS,1326,AB ENGL 411,English 904,09.30 – 10.30,"MWF",P364
1,2009,CHS,1327,Relg 1,I Believe,07.30 – 08.30,"MWF",P365
1,2009,CAC,3109,Relg 2,Believing into Discipleship,08.30 – 09.30,"MWF",S161
1,2009,CAC,3110,AB ECON 311,Economics 903,09.30 – 10.30,"MWF",S162
1,2009,CAC,3111,AB ECON 411,Economics 904,07.00 – 08.00,"TThS",S163
1,2009,CAC,3112,Relg 1,I Believe,10.30 – 11.30,"MWF",S164
1,2009,CHS,1328,Relg 2,Believing into Discipleship,10.30 – 11.30,"MWF",P366
1,2009,CHS,1329,AB COM 311,Communication 901,11.30 – 12.30,"MWF",P367
1,2009,CHS,1330,AB COM 411,Communication 902,01.00 – 02.00,"MWF",P368
1,2009,CHS,1331,Relg 1,I Believe,02.00 – 03.00,"MWF",P369
1,2009,CHS,1332,Relg 2,Believing into Discipleship,03.00 – 04.00,"MWF",P370
1,2009,CHS,1333,ASS REL ED 311,Religious Education 901,07.30 – 08.30,"TThS",P371
1,2009,CHS,1334,ASS REL ED 411,Religious Education 902,08.30 – 09.30,"TThS",P372
1,2009,CHS,1335,Relg 1,I Believe,09.30 - 10.30,"TThS",P373
1,2009,CHS,1336,Relg 2,Believing into Discipleship,01.00 – 03.00,S,P374
2,2009,CON,6123,AHSE 311,Health Science Education 901,10.30 – 11.30,"MWF",SC108
2,2009,CON,6124,AHSE 411,Health Science Education 902,01.00 – 02.00,"MWF",SC109
2,2009,CON,6125,Relg 1,I Believe,02.00 – 03.00,"MWF",SC110
2,2009,CON,6126,Relg 2,Believing into Discipleship,07.30 – 08.30,"MWF",SC111
